{
  "type": "minecraft:block",
  "pools": [
    {
      "rolls": 1,
      "entries": [
			{
                    "type":"minecraft:alternatives",
                    "children":
                    [
                        {
                            "conditions":
                            [
                                {
                                    "condition":"minecraft:match_tool",
                                    "predicate":
                                    {
                                        "item":"minecraft:diamond_pickaxe",
                                        "nbt":"{display: {Name: '{\"text\":\"Copy State\"}' } }"
                                    }
                                }
                            ],
							"functions":
							[
                                {
                                    "function":"minecraft:copy_state",
									"block": "minecraft:bee_nest",
									"properties":
									[
										"facing",
										"honey_level"
									]
                                },
								{
									"function": "minecraft:copy_nbt",
									"source": "block_entity",
									"ops":
									[
										{
											"source": "Bees",
											"target": "BlockEntityTag.Bees",
											"op": "replace"
										}
									]
								}
							],
                            "type":"item",
                            "name":"minecraft:bee_nest"
                        }
                    ]
                },
        {
          "type": "minecraft:item",
          "functions": [
            {
              "function": "minecraft:copy_nbt",
              "source": "block_entity",
              "ops": [
                {
                  "source": "Bees",
                  "target": "BlockEntityTag.Bees",
                  "op": "replace"
                }
              ]
            },
            {
              "function": "minecraft:copy_state",
              "block": "minecraft:bee_nest",
              "properties": [
                "honey_level"
              ]
            }
          ],
          "name": "minecraft:bee_nest"
        }
      ],
      "conditions": [
        {
          "condition": "minecraft:match_tool",
          "predicate": {
            "enchantments": [
              {
                "enchantment": "minecraft:silk_touch",
                "levels": {
                  "min": 1
                }
              }
            ]
          }
        }
      ]
    }
  ]
}