{
  "type": "minecraft:block",
  "pools": [
    {
      "rolls": 1,
      "entries": [
	  
				{
                    "type":"minecraft:alternatives",
                    "children":
                    [
                        {
                            "conditions":
                            [
                                {
                                    "condition":"minecraft:match_tool",
                                    "predicate":
                                    {
                                        "item":"minecraft:diamond_pickaxe",
                                        "nbt":"{display: {Name: '{\"text\":\"Copy State\"}' } }"
                                    }
                                }
                            ],
							"functions":
							[
                                {
                                    "function":"minecraft:copy_state",
									"block": "minecraft:chorus_plant",
									"properties":
									[
										"down",
										"east",
										"north",
										"south",
										"up",
										"west"
									]
                                }
							],
                            "type":"item",
                            "name":"minecraft:chorus_plant"
                        },
                        {
                            "type":"item",
                            "name":"minecraft:chorus_plant"
                        },
						
						{
          				"type": "minecraft:item",
          				"functions": [
            				{
              				"function": "minecraft:set_count",
              				"count": {
                				"min": 0.0,
                				"max": 1.0,
                				"type": "minecraft:uniform"
              				}
            				},
            				{
              				"function": "minecraft:explosion_decay"
            				}
          				],
        				  "name": "minecraft:chorus_fruit"
						}
						
                    ]
                }
      ]
    }
  ]
}