{
    "pools":
    [
        {
            "rolls":1,
            "entries":
            [
                {
                    "type":"minecraft:alternatives",
                    "children":
                    [
                        {
                            "conditions":
                            [
                                {
                                    "condition":"minecraft:match_tool",
                                    "predicate":
                                    {
                                        "item":"minecraft:diamond_pickaxe",
                                        "nbt":"{display: {Name: '{\"text\":\"Copy State\"}' } }"
                                    }
                                }
                            ],
							"functions":
							[
                                {
                                    "function":"minecraft:copy_state",
									"block": "minecraft:cocoa",
									"properties":
									[
										"facing",
										"age"
									]
                                }
							],
                            "type":"item",
                            "name":"minecraft:stone"
                        },
						
        {
          "type": "minecraft:item",
          "functions": [
            {
              "function": "minecraft:set_count",
              "conditions": [
                {
                  "condition": "minecraft:block_state_property",
                  "block": "minecraft:cocoa",
                  "properties": {
                    "age": "2"
                  }
                }
              ],
              "count": 3
            },
            {
              "function": "minecraft:explosion_decay"
            }
          ],
          "name": "minecraft:cocoa_beans"
        }
						
                    ]
                }
            ]
        }
    ]
}