{
    "pools":
    [
        {
            "rolls":1,
            "entries":
            [
                {
                    "type":"minecraft:alternatives",
                    "children":
                    [
                        {
                            "conditions":
                            [
                                {
                                    "condition":"minecraft:match_tool",
                                    "predicate":
                                    {
                                        "item":"minecraft:diamond_pickaxe",
                                        "nbt":"{display: {Name: '{\"text\":\"Copy State\"}' } }"
                                    }
                                }
                            ],
							"functions":
							[
                                {
                                    "function":"minecraft:copy_state",
									"block": "minecraft:cyan_shulker_box",
									"properties":
									[
										"facing"
									]
                                },
								{
									"function": "minecraft:copy_nbt",
									"source": "block_entity",
									"ops":
									[
										{
											"source": "Items",
											"target": "BlockEntityTag.Items",
											"op": "replace"
										},
										{
											"source": "CustomName",
											"target": "BlockEntityTag.CustomName",
											"op": "replace"
										}
									]
								}
							],
                            "type":"item",
                            "name":"minecraft:cyan_shulker_box"
                        },
                        
		{
          "type": "minecraft:item",
          "functions": [
            {
              "function": "minecraft:copy_name",
              "source": "block_entity"
            },
            {
              "function": "minecraft:copy_nbt",
              "source": "block_entity",
              "ops": [
                {
                  "source": "Lock",
                  "target": "BlockEntityTag.Lock",
                  "op": "replace"
                },
                {
                  "source": "LootTable",
                  "target": "BlockEntityTag.LootTable",
                  "op": "replace"
                },
                {
                  "source": "LootTableSeed",
                  "target": "BlockEntityTag.LootTableSeed",
                  "op": "replace"
                }
              ]
            },
            {
              "function": "minecraft:set_contents",
              "entries": [
                {
                  "type": "minecraft:dynamic",
                  "name": "minecraft:contents"
                }
              ]
            }
          ],
          "name": "minecraft:shulker_box"
        }
		
                    ]
                }
            ]
        }
    ]
}