{
    "pools":
    [
        {
            "rolls":1,
            "entries":
            [
                {
                    "type":"minecraft:alternatives",
                    "children":
                    [
                        {
                            "conditions":
                            [
                                {
                                    "condition":"minecraft:match_tool",
                                    "predicate":
                                    {
                                        "item":"minecraft:diamond_pickaxe",
                                        "nbt":"{display: {Name: '{\"text\":\"Copy State\"}' } }"
                                    }
                                }
                            ],
							"functions":
							[
                                {
                                    "function":"minecraft:copy_state",
									"block": "minecraft:dispenser",
									"properties":
									[
										"facing",
										"triggered"
									]
                                },
								{
									"function":"minecraft:copy_name",
									"source":"block_entity"
								},
								{
									"function": "minecraft:copy_nbt",
									"source": "block_entity",
									"ops":
									[
										{
											"source": "Items",
											"target": "BlockEntityTag.Items",
											"op": "replace"
										},
										{
											"source": "CustomName",
											"target": "BlockEntityTag.CustomName",
											"op": "replace"
										}
									]
								}
								
							],
                            "type":"item",
                            "name":"minecraft:dispenser"
                        },
                        {
                            "type":"item",
                            "name":"minecraft:dispenser"
                        }
                    ]
                }
            ]
        }
    ]
}