{
    "pools":
    [
        {
            "rolls":1,
            "entries":
            [
                {
                    "type":"minecraft:alternatives",
                    "children":
                    [
                        {
                            "conditions":
                            [
                                {
                                    "condition":"minecraft:match_tool",
                                    "predicate":
                                    {
                                        "item":"minecraft:diamond_pickaxe",
                                        "nbt":"{display: {Name: '{\"text\":\"Copy State\"}' } }"
                                    }
                                }
                            ],
							"functions":
							[
                                {
                                    "function":"minecraft:copy_state",
									"block": "minecraft:gray_stained_glass_pane",
									"properties":
									[
										"east",
										"north",
										"south",
										"waterlogged",
										"west"
									]
                                }
							],
                            "type":"item",
                            "name":"minecraft:gray_stained_glass_pane"
                        },
                        {
						
						"conditions":
						[
							{
								"condition": "minecraft:match_tool",
								"predicate":
								{
									"enchantments":
									[
										{
											"enchantment": "minecraft:silk_touch",
											"levels":
											{
												"min": 1
											}
										}
									]
								}
							}
						],
						
                            "type":"item",
                            "name":"minecraft:gray_stained_glass_pane"
                        }
                    ]
                }
            ]
        }
    ]
}