{
    "pools":
    [
        {
            "rolls":1,
            "entries":
            [
                {
                    "type":"minecraft:alternatives",
                    "children":
                    [
                        {
                            "conditions":
                            [
                                {
                                    "condition":"minecraft:match_tool",
                                    "predicate":
                                    {
                                        "item":"minecraft:diamond_pickaxe",
                                        "nbt":"{display: {Name: '{\"text\":\"Copy State\"}' } }"
                                    }
                                }
                            ],
                            "type":"item",
                            "name":"minecraft:infested_chiseled_stone_bricks"
                        },
                        {
                            "type":"item",
                            "name":"minecraft:chiseled_stone_bricks"
                        }
                    ]
                }
            ]
        }
    ]
}