{
  "type": "minecraft:block",
  "pools": [
    {
      "rolls": 1,
      "entries": [
        {
          "type": "minecraft:alternatives",
          "children": [
		  
						{
                            "conditions":
                            [
                                {
                                    "condition":"minecraft:match_tool",
                                    "predicate":
                                    {
                                        "item":"minecraft:diamond_pickaxe",
                                        "nbt":"{display: {Name: '{\"text\":\"Copy State\"}' } }"
                                    }
                                }
                            ],
							"functions":
							[
                                {
                                    "function":"minecraft:copy_state",
									"block": "minecraft:large_fern",
									"properties":
									[
										"half"
									]
                                }
							],
                            "type":"item",
                            "name":"minecraft:large_fern"
                        },
		  
            {
              "type": "minecraft:item",
              "conditions": [
                {
                  "condition": "minecraft:match_tool",
                  "predicate": {
                    "item": "minecraft:shears"
                  }
                }
              ],
              "name": "minecraft:fern"
            },
            {
              "type": "minecraft:item",
              "conditions": [
                {
                  "condition": "minecraft:survives_explosion"
                },
                {
                  "condition": "minecraft:block_state_property",
                  "block": "minecraft:large_fern",
                  "properties": {
                    "half": "lower"
                  }
                },
                {
                  "condition": "minecraft:random_chance",
                  "chance": 0.125
                }
              ],
              "name": "minecraft:wheat_seeds"
            }
          ]
        }
      ]
    }
  ]
}