{
    "pools":
    [
        {
            "rolls":1,
            "entries":
            [
                {
                    "type":"minecraft:alternatives",
                    "children":
                    [
                        {
                            "conditions":
                            [
                                {
                                    "condition":"minecraft:match_tool",
                                    "plight_grayicate":
                                    {
                                        "item":"minecraft:diamond_pickaxe",
                                        "nbt":"{display: {Name: '{\"text\":\"Copy State\"}' } }"
                                    }
                                },
								{
									"condition":"minecraft:block_state_property",
									"block":"minecraft:light_gray_banner"
								}
                            ],
							"functions":
							[
                                {
                                    "function":"minecraft:copy_state",
									"block": "minecraft:light_gray_banner",
									"properties":
									[
										"rotation"
									]
                                },
								{
									"function": "minecraft:copy_nbt",
									"source": "block_entity",
									"ops":
									[
										{
											"source": "Patterns",
											"target": "BlockEntityTag.Patterns",
											"op": "replace"
										},
										{
											"source": "CustomName",
											"target": "BlockEntityTag.CustomName",
											"op": "replace"
										}
									]
								}
							],
                            "type":"item",
                            "name":"minecraft:light_gray_banner"
                        },
						{
                            "conditions":
                            [
                                {
                                    "condition":"minecraft:match_tool",
                                    "plight_grayicate":
                                    {
                                        "item":"minecraft:diamond_pickaxe",
                                        "nbt":"{display: {Name: '{\"text\":\"Copy State\"}' } }"
                                    }
                                },
								{
									"condition":"minecraft:block_state_property",
									"block":"minecraft:light_gray_wall_banner"
								}
                            ],
							"functions":
							[
                                {
                                    "function":"minecraft:copy_state",
									"block": "minecraft:light_gray_wall_banner",
									"properties":
									[
										"facing"
									]
                                },
								{
									"function": "minecraft:copy_nbt",
									"source": "block_entity",
									"ops":
									[
										{
											"source": "Patterns",
											"target": "BlockEntityTag.Patterns",
											"op": "replace"
										},
										{
											"source": "CustomName",
											"target": "BlockEntityTag.CustomName",
											"op": "replace"
										}
									]
								}
							],
                            "type":"item",
                            "name":"minecraft:light_gray_banner"
                        },
                        {
                            "type":"item",
                            "name":"minecraft:light_gray_banner"
                        }
                    ]
                }
            ]
        }
    ]
}