{
    "pools":
    [
        {
            "rolls":1,
            "entries":
            [
                {
                    "type":"minecraft:alternatives",
                    "children":
                    [
                        {
                            "conditions":
                            [
                                {
                                    "condition":"minecraft:match_tool",
                                    "predicate":
                                    {
                                        "item":"minecraft:diamond_pickaxe",
                                        "nbt":"{display: {Name: '{\"text\":\"Copy State\"}' } }"
                                    }
                                }
                            ],
							"functions":
							[
                                {
                                    "function":"minecraft:copy_state",
									"block": "minecraft:lilac",
									"properties":
									[
										"half"
									]
                                }
							],
                            "type":"item",
                            "name":"minecraft:lilac"
                        },
						
		{
          "type": "minecraft:item",
          "conditions": [
            {
              "condition": "minecraft:block_state_property",
              "block": "minecraft:lilac",
              "properties": {
                "half": "lower"
              }
            }
          ],
          "name": "minecraft:lilac"
        }
						
                    ]
                }
            ]
        }
    ]
}