{
    "pools":
    [
        {
            "rolls":1,
            "entries":
            [
                {
                    "type":"minecraft:alternatives",
                    "children":
                    [
                        {
                            "conditions":
                            [
                                {
                                    "condition":"minecraft:match_tool",
                                    "predicate":
                                    {
                                        "item":"minecraft:diamond_pickaxe",
                                        "nbt":"{display: {Name: '{\"text\":\"Copy State\"}' } }"
                                    }
                                }
                            ],
							"functions":
							[
                                {
                                    "function":"minecraft:copy_state",
									"block": "minecraft:oak_stairs",
									"properties":
									[
										"facing",
										"half",
										"shape",
										"waterlogged"
									]
                                }
							],
                            "type":"item",
                            "name":"minecraft:oak_stairs"
                        },
                        {
                            "type":"item",
                            "name":"minecraft:oak_stairs"
                        }
                    ]
                }
            ]
        }
    ]
}