{
    "pools":
    [
        {
            "rolls":1,
            "entries":
            [
                {
                    "type":"minecraft:alternatives",
                    "children":
                    [
                        {
                            "conditions":
                            [
                                {
                                    "condition":"minecraft:match_tool",
                                    "predicate":
                                    {
                                        "item":"minecraft:diamond_pickaxe",
                                        "nbt":"{display: {Name: '{\"text\":\"Copy State\"}' } }"
                                    }
                                },
								{
									"condition":"minecraft:block_state_property",
									"block":"minecraft:oak_sign"
								}
                            ],
							"functions":
							[
                                {
                                    "function":"minecraft:copy_state",
									"block": "minecraft:oak_sign",
									"properties":
									[
										"rotation",
										"waterlogged"
									]
                                },
								{
									"function": "minecraft:copy_nbt",
									"source": "block_entity",
									"ops":
									[
										{
											"source": "Color",
											"target": "BlockEntityTag.Color",
											"op": "replace"
										},
										{
											"source": "Text1",
											"target": "BlockEntityTag.Text1",
											"op": "replace"
										},
										{
											"source": "Text2",
											"target": "BlockEntityTag.Text2",
											"op": "replace"
										},
										{
											"source": "Text3",
											"target": "BlockEntityTag.Text3",
											"op": "replace"
										},
										{
											"source": "Text4",
											"target": "BlockEntityTag.Text4",
											"op": "replace"
										}
									]
								}
							],
                            "type":"item",
                            "name":"minecraft:oak_sign"
                        },
						{
                            "conditions":
                            [
                                {
                                    "condition":"minecraft:match_tool",
                                    "predicate":
                                    {
                                        "item":"minecraft:diamond_pickaxe",
                                        "nbt":"{display: {Name: '{\"text\":\"Copy State\"}' } }"
                                    }
                                },
								{
									"condition":"minecraft:block_state_property",
									"block":"minecraft:oak_wall_sign"
								}
                            ],
							"functions":
							[
                                {
                                    "function":"minecraft:copy_state",
									"block": "minecraft:oak_wall_sign",
									"properties":
									[
										"rotation",
										"waterlogged"
									]
                                },
								{
									"function": "minecraft:copy_nbt",
									"source": "block_entity",
									"ops":
									[
										{
											"source": "Color",
											"target": "BlockEntityTag.Color",
											"op": "replace"
										},
										{
											"source": "Text1",
											"target": "BlockEntityTag.Text1",
											"op": "replace"
										},
										{
											"source": "Text2",
											"target": "BlockEntityTag.Text2",
											"op": "replace"
										},
										{
											"source": "Text3",
											"target": "BlockEntityTag.Text3",
											"op": "replace"
										},
										{
											"source": "Text4",
											"target": "BlockEntityTag.Text4",
											"op": "replace"
										}
									]
								}
							],
                            "type":"item",
                            "name":"minecraft:stone"
                        },
                        {
                            "type":"item",
                            "name":"minecraft:oak_sign"
                        }
                    ]
                }
            ]
        }
    ]
}