{
    "pools":
    [
        {
            "rolls":1,
            "entries":
            [
                {
                    "type":"minecraft:alternatives",
                    "children":
                    [
                        {
                            "conditions":
                            [
                                {
                                    "condition":"minecraft:match_tool",
                                    "predicate":
                                    {
                                        "item":"minecraft:diamond_pickaxe",
                                        "nbt":"{display: {Name: '{\"text\":\"Copy State\"}' } }"
                                    }
                                }
                            ],
							"functions":
							[
                                {
									"function": "minecraft:copy_nbt",
									"source": "block_entity",
									"ops":
									[
										{
											"source": "MaxNearbyEntities",
											"target": "BlockEntityTag.MaxNearbyEntities",
											"op": "replace"
										},
										{
											"source": "RequiredPlayerRange",
											"target": "BlockEntityTag.RequiredPlayerRange",
											"op": "replace"
										},
										{
											"source": "SpawnCount",
											"target": "BlockEntityTag.SpawnCount",
											"op": "replace"
										},
										{
											"source": "SpawnData",
											"target": "BlockEntityTag.SpawnData",
											"op": "replace"
										},
										{
											"source": "MaxSpawnDelay",
											"target": "BlockEntityTag.MaxSpawnDelay",
											"op": "replace"
										},
										{
											"source": "Delay",
											"target": "BlockEntityTag.Delay",
											"op": "replace"
										},
										{
											"source": "x",
											"target": "BlockEntityTag.x",
											"op": "replace"
										},
										{
											"source": "y",
											"target": "BlockEntityTag.y",
											"op": "replace"
										},
										{
											"source": "z",
											"target": "BlockEntityTag.z",
											"op": "replace"
										},
										{
											"source": "id",
											"target": "BlockEntityTag.id",
											"op": "replace"
										},
										{
											"source": "SpawnRange",
											"target": "BlockEntityTag.SpawnRange",
											"op": "replace"
										},
										{
											"source": "MinSpawnDelay",
											"target": "BlockEntityTag.MinSpawnDelay",
											"op": "replace"
										},
										{
											"source": "SpawnPotentials",
											"target": "BlockEntityTag.SpawnPotentials",
											"op": "replace"
										},
										{
											"source": "Weight",
											"target": "BlockEntityTag.Weight",
											"op": "replace"
										}
									]
								}
							],
                            "type":"item",
                            "name":"minecraft:spawner"
                        },
                        {
                            "type":"item",
                            "name":"minecraft:spawner"
                        }
                    ]
                }
            ]
        }
    ]
}