{
    "pools":
    [
        {
            "rolls":1,
            "entries":
            [
                {
                    "type":"minecraft:alternatives",
                    "children":
                    [
                        {
                            "conditions":
                            [
                                {
                                    "condition":"minecraft:match_tool",
                                    "predicate":
                                    {
                                        "item":"minecraft:diamond_pickaxe",
                                        "nbt":"{display: {Name: '{\"text\":\"Copy State\"}' } }"
                                    }
                                }
                            ],
							"functions":
							[
                                {
                                    "function":"minecraft:copy_state",
									"block": "minecraft:tripwire",
									"properties":
									[
										"attached",
										"disarmed",
										"powered",
										"east",
										"north",
										"south",
										"west"
									]
                                }
							],
                            "type":"item",
                            "name":"minecraft:stone"
                        },
                        {
                            "type":"item",
                            "name":"minecraft:string"
                        }
                    ]
                }
            ]
        }
    ]
}