{
    "pools":
    [
        {
            "rolls":1,
            "entries":
            [
                {
                    "type":"minecraft:alternatives",
                    "children":
                    [
                        {
                            "conditions":
                            [
                                {
                                    "condition":"minecraft:match_tool",
                                    "predicate":
                                    {
                                        "item":"minecraft:diamond_pickaxe",
                                        "nbt":"{display: {Name: '{\"text\":\"Copy State\"}' } }"
                                    }
                                }
                            ],
							"functions":
							[
                                {
                                    "function":"minecraft:copy_state",
									"block": "minecraft:turtle_egg",
									"properties":
									[
										"eggs",
										"hatch"
									]
                                }
							],
                            "type":"item",
                            "name":"minecraft:turtle_egg"
                        },
                        {
                            "type":"item",
                            "name":"minecraft:turtle_egg",
							"conditions":
							[
								{
									"condition": "minecraft:match_tool",
									"predicate":
									{
										"enchantments":
										[
											{
												"enchantment": "minecraft:silk_touch",
												"levels":
												{
													"min": 1
												}
											}
										]
									}
        						}
      						]
                        }
                    ]
                }
            ]
        }
    ]
}